Symbol,Name,Sector,Price,Price/Earnings,Dividend Yield,Earnings/Share,52 Week Low,52 Week High,Market Cap,EBITDA,Price/Sales,Price/Book,SEC Filings
MSFT,MSFT,Software - Infrastructure,124.73,24.409002,0.014592622,4.51,131.37,93.96,955783512064,17.918,7.820765,10.079192,
AAPL,AAPL,Consumer Electronics,188.66,14.716069,0.015722593,11.89,233.47,142,868039720960,12.15,3.358117,8.21082,
AMZN,AMZN,Specialty Retail,1840.12,48.322475,,23.95,2050.5,1307,905949937664,33.04,3.7506466,18.701548,
FB,FB,Internet Content & Information,180.73,19.39163,,6.7299999999999995,218.62,123.02,515891986432,18.193,8.751496,5.966065,
BRK-B,BRK-B,Insurance - Diversified,203.74,18.471443,,10.16,224.07,184.75,501145403392,-0.262,1.9988409,0.0009035425,
JPM,JPM,Banks - Global,110.34,10.389831,0.027044313,9.26,119.24,91.11,357887770624,,3.4126801,1.5370256,
JNJ,JNJ,Drug Manufacturers - Major,136.84,14.971553,0.026239067,8.22,148.99,118.62,363318411264,13.527,4.4528136,6.163964,
GOOG,GOOG,Internet Content & Information,1120.44,20.849272,,39.870000000000005,1289.27,970.11,778830086144,16.778,5.4842553,4.2429495,
GOOGL,GOOGL,Internet Content & Information,1124.86,20.99011,,39.870000000000005,1296.97,977.66,779644960768,16.834,5.489993,4.2596874,
XOM,XOM,Oil & Gas Integrated,75.83,13.888279,0.043323208,4.34,87.36,64.65,320843546624,9.882,1.1644088,1.6778777,
V,V,Credit Services,160.3,25.813206,0.006101824,5.02,165.74,121.6,350318034944,24.781,16.163054,12.1753,
BAC,BAC,Banks - Global,28.63,9.088888,0.020176992,2.69,31.91,22.66,272219766784,,3.0777032,1.1195838,
PG,PG,Household & Personal Products,105.59,22.276371,0.027037978,4.37,107.2,72.6,264854552576,16.332,3.9475737,4.89205,
CSCO,CSCO,Communication Equipment,52.02,15.3905325,0.025730995,2.84,57.53,40.25,228993613824,14.439,4.5055313,5.642082,
DIS,DIS,Media - Diversified,133.21,20.912088,0.0067001674,6.800000000000001,142.37,98.81,239738044416,17.495,4.0116806,2.6378741,
VZ,VZ,Telecom Services,56.56,11.661857,0.042237885,4.74,61.58,47.13,233915760640,7.025,1.7826364,4.1877685,
PFE,PFE,Drug Manufacturers - Major,40.67,13.511627,0.034015283,3.08,46.47,35.32,225791688704,11.703,4.192274,3.8444083,
INTC,INTC,Semiconductors,45.17,9.884026,0.027144775,4.609999999999999,59.59,42.36,202226089984,6.879,2.854567,2.745396,
HD,HD,Home Improvement Stores,191.66,17.376247,0.023379216,9.89,215.43,158.09,211351142400,13.249,1.9532835,,
MA,MA,Credit Services,245.81,27.342604,0.0048057004,6.7700000000000005,257.43,171.89,251075248128,27.61,16.45424,48.70418,
T,T,Telecom Services,31.09,8.541208,0.066294715,3.53,34.53,26.8,226894823424,7.311,1.2779567,1.2256081,
UNH,UNH,Health Care Plans,236.38,14.222623,0.015028177,13.56,287.94,208.07,224642072576,12.801,0.9709339,4.355228,
CVX,CVX,Oil & Gas Integrated,121.66,13.904,0.037778147,7.2299999999999995,130.39,100.22,231751352320,7.893,1.4749677,1.4945946,
MRK,MRK,Drug Manufacturers - Major,77.43,14.581922,0.025787223,4.51,83.85,57.49,199354384384,14.572,4.628291,7.262921,
WFC,WFC,Banks - Global,46.49,9.00969,0.036693286,4.4,59.53,43.02,208941875200,,2.495812,1.191013,
BA,BA,Aerospace & Defense,343.14,15.210108,0.021297092,15.55,446.01,292.47,193060864000,15.445,1.917912,1545.6758,
CMCSA,CMCSA,Pay TV,42.91,12.847305,0.018448438,2.7,43.96,30.67,194759475200,9.731,1.9757491,2.5980866,
KO,KO,Beverages - Soft Drinks,48.69,21.544247,0.032674298,2.0999999999999996,50.84,41.45,207716892672,22.576,6.440834,11.7184105,
PEP,PEP,Beverages - Soft Drinks,127.41,21.34171,0.02917584,5.66,128.51,96.36,178605899776,15.909,2.748502,12.596145,
C,C,Banks - Global,65.28,7.5818815,0.025939733,6.84,75.24,48.42,150958047232,,2.3201828,0.8467804,
NFLX,NFLX,Media - Diversified,345.61,58.977814,,2.8,423.21,231.23,151107600384,97.154,9.094935,26.493675,
MCD,MCD,Restaurants,198.03,22.735935,0.02180576,7.779999999999999,200.36,153.13,151206985728,19.241,7.254952,,
WMT,WMT,Discount Stores,100.31,20.102205,0.020822905,4.92,106.21,81.78,287600803840,10.682,0.5590941,3.9821355,
ORCL,ORCL,Software - Infrastructure,54.15,14.363396,0.014224218,3.37,55.53,42.4,185065750528,12.21,4.6462746,7.8614984,
ABT,ABT,Medical Devices,76.02,21.116667,0.01589404,2.92,80.74,60.32,134112952320,20.831,4.3652296,4.3368134,
ADBE,ADBE,Software - Application,271.86,28.055727,,6.93,291.71,204.95,132654350336,42.125,13.887589,13.453087,
PM,PM,Tobacco,84.06,15.091561,0.05448029,5.1899999999999995,92.74,64.67,130780553216,13.487,4.436247,,
PYPL,PYPL,Credit Services,109.09,31.079771,,2.63,113.69,74.66,128173113344,44.005,8.064245,8.435011,
UNP,UNP,Railroads,174.5,16.859903,0.018685605,8.18,180.02,128.08,123517730816,14.028,5.4314995,6.968015,
AVGO,AVGO,Semiconductors,302,11.461101,0.02999523,21.259999999999998,323.2,197.46,119545495552,15.393,5.609831,5.1495414,
HON,HON,Diversified Industrials,168.17,19.002258,0.018762738,7.98,174.34,123.48,122384375808,14.948,3.0372856,6.5212502,
IBM,IBM,Information Technology Services,133.38,9.419492,0.04778573,13.620000000000001,154.36,105.94,118260449280,8.981,1.5026549,7.1755977,
CRM,CRM,Software - Application,158.05,46.078716,,2.76,167.56,113.6,122452877312,80.275,9.2194605,7.798776,
MDT,MDT,Medical Devices,87.67,16.115808,0.022443606,5.1,100.15,81.66,117578612736,13.897,3.848097,2.358686,
ABBV,ABBV,Drug Manufacturers - Major,78.43,8.325902,0.05281644,8.180000000000001,107.25,75.62,115945422848,10.554,3.551488,,
ACN,ACN,Information Technology Services,173.59,21.807789,0.017074026,7.0600000000000005,183.35,132.63,110721433600,16.045,2.711131,8.30296,
UTX,UTX,Aerospace & Defense,133.99,15.330665,0.021749012,7.76,144.4,100.48,115538378752,13.549,1.659462,2.8768654,
TMO,TMO,Diagnostics & Research,267.31,19.786083,0.0026811706,11.430000000000001,282.98,202.83,106918920192,20.098,4.341004,3.8608527,
NVDA,NVDA,Semiconductors,162.04,22.694677,0.003849795,6.63,292.76,124.46,98600370176,22.279,8.415874,10.511156,
TXN,TXN,Semiconductors,109.04,18.897747,0.025954627,5.51,119.32,87.7,102301982720,14.585,6.5624466,12.01675,
AMGN,AMGN,Drug Manufacturers - Major,167.81,11.376949,0.032279234,14.5,210.19,167.17,102353354752,9.133,4.3096147,9.518435,
NKE,NKE,Footwear & Accessories,83.66,27.701988,0.010178117,2.56,90,66.53,131492610048,23.721,3.3958116,14.684922,
COST,COST,Discount Stores,242.73,28.522913,0.009424604,7.68,248.7,189.51,106772070400,17.378,0.7251715,7.7066927,
MMM,MMM,Diversified Industrials,185.22,17.457117,0.029878214,9.71,219.75,176.87,106765811712,13.283,3.3003342,11.0033865,
LLY,LLY,Drug Manufacturers - Major,114.94,17.310242,0.020398704,5.55,132.13,80.96,105840312320,15.869,4.287793,42.665184,
MO,MO,Tobacco,51.9,11.584822,0.060264386,3.94,66.04,42.4,97100750848,12.235,5.019164,6.899761,
LIN,LIN,Specialty Chemicals,180.94,22.991106,0.018541068,6.86,185.92,145.95,98208088064,21.276,5.206939,1.9223169,
SBUX,SBUX,Restaurants,77.06,25.01948,0.018779343,2.59,78.8,47.37,93335068672,19.438,3.65265,,
NEE,NEE,Utilities - Regulated Electric,194.9,21.488424,0.023495615,7.98,196.71,155.06,93344432128,15.711,5.508671,2.7272854,
LOW,LOW,Home Improvement Stores,105.79,15.15616,0.017676285,5.1,118.23,84.75,84200693760,13.319,1.1807864,23.255661,
GE,GE,Diversified Industrials,10.31,13.746667,0.026342452,0.64,14.990385,6.4038463,89911558144,12.945,0.7423774,2.557678,
AMT,AMT,Telecom Services,198.06,46.712265,0.016761478,3.0300000000000002,200.38,134.87,87547076608,24.906,11.654762,16.371302,
DHR,DHR,Diagnostics & Research,130.73,22.854895,0.0050208555,4.6000000000000005,134.67,94.59,93594050560,21.167,4.6616387,3.1237006,
GILD,GILD,Drug Manufacturers - Major,65.08,9.364029,0.036465637,6.949999999999999,79.61,60.32,82752471040,7.576,3.707548,3.7771332,
LMT,LMT,Aerospace & Defense,336.15,13.505424,0.025046961,19.57,351.35,241.18,94975483904,12.325,1.6820836,38.531635,
BKNG,BKNG,Leisure,1793.67,15.972128,,92.94,2162.91,1606.27,77650305024,14.998,5.378935,11.46137,
AXP,AXP,Credit Services,117.01,13.001111,0.013114754,7.47,119.66,89.05,97712832512,,2.5988839,4.4079866,
USB,USB,Banks - Regional - US,51.07,11.2488985,0.027750442,4.15,55.56,43.14,81306509312,,3.8874736,1.7724638,
DWDP,DWDP,Chemicals,30.74,14.500001,0.05026455,3.83,48.372562,30.1,69054029824,6.53,0.8209381,0.7469505,
CAT,CAT,Farm & Construction Equipment,127.48,9.783577,0.02745411,11.319999999999999,161.6,112.06,72902754304,9.459,1.3176228,4.721132,
BMY,BMY,Drug Manufacturers - Major,45.92,10.412699,0.035294116,4.140000000000001,63.69,44.3,75112259584,10.238,3.2253633,4.9355116,
MDLZ,MDLZ,Confectioners,51.62,19.261192,0.019535067,2.46,52.57,38.78,74355515392,21.285,2.891973,2.8857334,
CVS,CVS,Health Care Plans,52.98,7.33795,0.037160907,7.180000000000001,82.15,51.77,68825792512,11.693,0.3283313,1.1521649,
UPS,UPS,Integrated Shipping & Logistics,99.8,12.290641,0.03714142,7.089999999999999,125.09,89.89,85903450112,14.231,1.1946299,24.782719,
GS,GS,Capital Markets,196.27,7.5809197,0.016412782,24.01,245.08,151.7,71803224064,,2.0819166,0.9104108,
COP,COP,Oil & Gas E&P,62.35,13.379828,0.019202484,4.58,80.24,56.75,70466715648,4.928,1.8630652,2.1445277,
ADP,ADP,Business Services,158.51,26.113672,0.018822333,5.23,165.5,121.4,68987985920,21.207,4.9309535,13.158725,
TJX,TJX,Apparel Stores,52.57,18.381119,0.014862805,2.45,56.64,41.49,63859404800,12.967,1.6385579,12.673578,
ANTM,ANTM,Health Care Plans,261.43,11.40122,0.011676875,16.53,317.99,220.8,67238748160,10.127,0.7136356,2.2428215,
CELG,CELG,Drug Manufacturers - Major,94.15,7.490056,,9.39,97.07,58.59,66400231424,10.432,4.211075,8.126888,
CB,CB,Insurance - Property & Casualty,143.85,12.651715,0.020509243,9.649999999999999,145.76,119.54,65864749056,15.188,2.0112603,1.2588828,
DUK,DUK,Utilities - Regulated Electric,87.02,16.702494,0.041703574,4.66,91.67,71.96,63354646528,12.328,2.6240327,1.4379668,
CHTR,CHTR,Pay TV,373.15,28.571974,,5.66,378.36,259.48,94385307648,10.324,2.136236,2.332931,
INTU,INTU,Software - Application,240.99,32.39113,0.0072595286,6.430000000000001,272.14,182.61,62434000896,33.987,10.0166855,22.332499,
BDX,BDX,Medical Instruments & Supplies,222.99,16.628635,0.013590236,11.129999999999999,265.87,208.62,60147539968,16.079,3.530614,2.8229086,
MS,MS,Capital Markets,44.01,8.15,0.027161613,4.659999999999999,55.42,36.74,74200858624,,1.8872942,1.0276467,
CL,CL,Household & Personal Products,71.14,23.478548,0.023476804,2.9,72.85,57.41,61074755584,16.386,3.959209,,
CME,CME,Financial Exchanges,183.29,24.836042,0.01563357,6.58,197.08,157.21,65613238272,24.119,14.98019,2.501672,
PNC,PNC,Banks - Regional - US,129.77,10.671876,0.028026469,10.899999999999999,152.29,108.45,58583113728,,3.486675,1.3167534,
D,D,Utilities - Diversified,74.61,16.88009,0.04526455,4,77.91,61.53,59864379392,16.887,4.3512416,2.2237127,
CSX,CSX,Railroads,78.24,16.266111,0.011723329,4.09,80.73,58.47,63308992512,12.272,5.110922,5.0940814,
CI,CI,Health Care Plans,155.37,8.384781,0.0002542588,14.090000000000002,226.61,141.95,58956386304,13.505,0.7845683,1.3902111,
SYK,SYK,Medical Devices,184.14,20.574303,0.010749186,7.510000000000001,199.85,144.75,68703551488,37.793,4.9512506,5.8866405,
BLK,BLK,Asset Management,445.79,14.630457,0.028095216,26.869999999999997,557,360.79,69241888768,12.662,4.9596653,2.2115562,
ISRG,ISRG,Medical Instruments & Supplies,487.35,36.100002,,11.16,589.32,430.24,56264069120,40.28,14.612526,8.00667,
SLB,SLB,Oil & Gas Equipment & Services,39.01,17.894495,0.0524109,1.55,75.43,34.99,54033530880,10.139,1.6441057,1.496643,
SPG,SPG,REIT - Retail,176.17,24.099863,0.045714285,7.65,191.49,152.5,62677057536,18.904,11.14007,17.170565,
SO,SO,Utilities - Regulated Electric,53.63,17.025396,0.044362295,2.8899999999999997,54.14,42.42,55791292416,14.265,2.475762,2.1103373,
SCHW,SCHW,Capital Markets,44.33,14.776668,0.012144821,2.59,60.22,37.83,59180998656,,5.6594625,3.1410758,
SPGI,SPGI,Capital Markets,211.85,21.163836,0.009919494,8.61,222,156.68,52132257792,18.754,8.325177,159.40558,
NSC,NSC,Railroads,200.49,16.220875,0.016157717,10.1,211.46,138.65,53323726848,12.37,4.604415,3.4781933,
DE,DE,Farm & Construction Equipment,147.15,11.687847,0.018731201,9.57,169.99,128.32,46866243584,15.357,1.220863,4.137262,
EOG,EOG,Oil & Gas E&P,94.33,14.423548,0.009037433,5.550000000000001,133.53,82.04,54742056960,7.437,3.1114697,2.7503061,
CCI,CCI,REIT - Diversified,126.89,67.137566,0.034441803,1.5699999999999998,130.6,99.99,52753375232,24.841,9.505113,4.4939084,
BSX,BSX,Medical Devices,36.77,20.657305,,1.44,41,29.42,51134201856,22.735,5.1458387,5.5376506,
GM,GM,Auto Manufacturers,37.05,5.9375,0.04157549,6.5200000000000005,45,30.56,52551348224,12.425,0.36036527,1.2724088,
RTN,RTN,Aerospace & Defense,177.97,13.595875,0.019848824,10.729999999999999,214.76,144.27,49808642048,13.844,1.8099071,4.25623,
ZTS,ZTS,Drug Manufacturers - Specialty & Generic,101.3,26.175713,0.0053478046,3.27,103.97,78.9,48487854080,24.655,8.198826,20.942734,
NOC,NOC,Aerospace & Defense,295.76,13.26873,0.016244754,21.599999999999998,340.14,223.63,50220048384,12.974,1.5918111,5.749164,
EXC,EXC,Utilities - Diversified,48.97,15.546032,0.028165597,3.04,51.03,39.1,47547666432,9.072,1.3292981,1.5163339,
PLD,PLD,REIT - Industrial,75.28,46.469135,0.026245672,2.71,78.56,55.21,48360095744,29.475,15.230974,2.132578,
MU,MU,,38.51,8.263948,,11.36,64.66,28.39,42618630144,,,,
GD,GD,Aerospace & Defense,168.4,12.933947,0.022679921,11.14,208.88,143.87,48530350080,11.922,1.2798426,3.966833,
MMC,MMC,Insurance Brokers,94.94,18.579256,0.017529039,4.49,96.3382,74.3,48157274112,17.598,3.2059965,6.086288,
ECL,ECL,Specialty Chemicals,179.38,27.015062,0.009762666,5.37,186.34,135.77,51704848384,19.058,3.5166907,6.2896214,
ITW,ITW,Diversified Industrials,148.89,17.640997,0.025594149,7.51,158.69,117.75,48504639488,13.998,3.3277059,15.177369,
ILMN,ILMN,Diagnostics & Research,304.56,39.759792,,5.870000000000001,372.61,261.61,44770320384,43.034,13.17937,11.234646,
APD,APD,Chemicals,205.71,21.95411,0.02180396,7.73,209.86,148.44,45283557376,15.385,5.048559,4.055557,
AGN,AGN,Drug Manufacturers - Specialty & Generic,135.925,7.902616,0.021479892,16.75,197,125.84,44556484608,9.662,2.835753,0.7239951,
MET,MET,Insurance - Life,47.48,7.796387,0.03595121,5.51,48.92,37.76,45123522560,15.07,0.6500824,0.77106714,
BIIB,BIIB,Drug Manufacturers - Major,229.18,7.4700127,,27.169999999999998,388.67,216.12,44436393984,6.555,3.217324,3.2130888,
ICE,ICE,Financial Exchanges,81.3,19.449762,0.012357179,3.61,82.65,69.33,45842227200,5.39,9.133738,2.6852956,
FDX,FDX,Integrated Shipping & Logistics,171.86,10.254176,0.015089959,16.430000000000003,266.67,150.94,44782419968,7.049,0.6471448,2.251038,
PGR,PGR,Insurance - Property & Casualty,73.66,13.515597,0.03603529,5.05,78.58,56.71,43016409088,10.646,1.2717568,3.7029963,
BK,BK,Asset Management,46.99,10.679545,0.02290562,4.02,58.22,43.67,44993724416,,2.7925599,1.1940033,
KMB,KMB,Household & Personal Products,127.61,18.282234,0.031479456,6.5600000000000005,132.47,99.36,43871682560,13.402,2.3858864,,
COF,COF,Credit Services,89.26,7.3829613,0.018277358,11.43,101.26,69.9,41916227584,,1.873351,0.8533217,
EMR,EMR,Diversified Industrials,65.13,16.121286,0.03016708,3.59,79.7,55.39,40030199808,12.419,2.2163887,4.696423,
VRTX,VRTX,Biotechnology,166.72,27.421053,,4.47,195.81,144.07,42700492800,45.131,13.077319,9.048575,
WBA,WBA,Pharmaceutical Retailers,52.58,8.73422,0.033000767,6.109999999999999,86.31,51.96,48073842688,8.694,0.3532322,1.9405795,
OXY,OXY,Oil & Gas E&P,54.55,14.059278,0.057411853,4.93,87.67,53.51,40804487168,5.665,2.2587593,1.9211128,
ADI,ADI,Semiconductors,106.75,17.762062,0.01899645,5.86,118.54,76.62,39317516288,17.041,6.3670306,3.393737,
AON,AON,Insurance Brokers,178.04,17.26867,0.009079045,8.48,182.61,134.82,42822537216,17.012,3.9566236,8.981938,
PRU,PRU,Insurance - Life,98.57,7.106705,0.038485542,11.6,106.64,75.61,40019419136,8.619,0.61913145,0.7299102,
AEP,AEP,Utilities - Regulated Electric,85.58,19.494307,0.029881863,4.18,86.54,62.71,42228252672,13.569,2.6060066,2.1997738,
AMAT,AMAT,Semiconductor Equipment & Materials,40.01,10.697861,0.020465592,4.199999999999999,55.46,28.79,37985214464,8.206,2.26089,4.627038,
WM,WM,Waste Management,106.4,22.590233,0.01796176,4.23,107.45,79.96,45194358784,13.932,2.9932022,7.044492,
AIG,AIG,Insurance - Diversified,51.5,10.15779,0.025236592,1.6600000000000001,56.36,36.16,44792328192,9.444,0.9292629,0.74278134,
F,F,Auto Manufacturers,10.23,7.3071427,0.059523813,1.3,12.15,7.41,40813096960,13.835,0.25713736,1.1213416,
TGT,TGT,Discount Stores,71.22,11.431782,0.03547297,5.41,90.39,60.15,36714692608,7.526,0.4872166,3.2641277,
DOW,DOW,Chemicals,52.46,9.643382,0.02983317,0.72,60.52,48,39280525312,,0.7904003,,
MPC,MPC,Oil & Gas Refining & Marketing,51.3,5.9859977,0.039037853,6.0200000000000005,88.45,50.6,33992302592,9.174,0.3203436,0.9917259,
MAR,MAR,Lodging,129.87,18.68633,0.01301484,6.210000000000001,142.19,100.62,43245277184,19.302,8.256066,27.067528,
EQIX,EQIX,REIT - Diversified,484,61.18837,0.01952797,5.199999999999999,484.475,335.29,40689881088,22.112,7.7964973,4.8296165,
BBT,BBT,Banks - Regional - US,48.03,10.240938,0.03324621,3.9399999999999995,55.25,40.68,36787138560,,3.322538,1.3247097,
CTSH,CTSH,Information Technology Services,57.75,13.306451,0.014064698,4.42,83.35,56.73,32876093440,9.929,2.0140963,2.9507947,
FIS,FIS,Business Services,116.93,14.382534,0.011346904,5.8,117.99,94.53,37842059264,19.462,4.497511,3.8165023,
AFL,AFL,Insurance - Life,51.13,11.489888,0.020804437,4.24,51.43,41.45,38115831808,9.224,1.7364053,1.4652529,
ADSK,ADSK,Software - Application,169.96,35.26141,,1,178.95,117.72,37419585536,327.629,14.561283,,
ATVI,ATVI,Electronic Gaming & Multimedia,44.7,17.460938,0.008523382,2.53,84.68,39.85,34240512000,13.505,4.6522436,2.9524438,
TRV,TRV,Insurance - Property & Casualty,145.71,12.275485,0.021476883,9.309999999999999,146.38,111.08,38162616320,9.482,1.2444196,1.5678532,
KMI,KMI,Oil & Gas Midstream,19.94,18.127274,0.043213017,0.92,20.44,14.62,45138976768,12.951,3.188907,1.3421283,
PSX,PSX,Oil & Gas Refining & Marketing,86.94,8.05,0.037300386,11.17,123.97,78.44,39431725056,8.805,0.35534,1.6282729,
VLO,VLO,Oil & Gas Refining & Marketing,82.955,7.446589,0.040988695,6.62,126.98,68.81,34612228096,6.864,0.3164836,1.6242437,
EL,EL,Household & Personal Products,167,28.892733,0.009812235,5.31,180.2,121.47,60432789504,19.268,4.1483245,13.16827,
SHW,SHW,Specialty Chemicals,434.72,17.911825,0.008610086,18.55,479.64,355.28,40077008896,21.11,2.2757647,11.552792,
ROP,ROP,Diversified Industrials,351.63,26.319613,0.005015764,12.5,363.85,245.59,36513611776,22.781,6.920831,4.4871373,
EW,EW,Medical Devices,178.9,30.581196,,4.8,197.86,134.38,37301006336,31.245,9.762106,10.814241,
BAX,BAX,Medical Instruments & Supplies,75.88,20.343163,0.010074231,3.1100000000000003,82.25,61.05,38711545856,16.076,3.4931912,5.0617037,
APC,APC,Oil & Gas E&P,72.96,26.150537,0.015116121,2.2699999999999996,76.7,40.4,36634603520,7.414,2.8167465,4.0068097,
ROST,ROST,Apparel Stores,94.46,18.96787,0.009951847,4.260000000000001,104.35,75.91,34708475904,14.049,2.31644,10.522446,
DAL,DAL,Airlines,55.24,7.6615815,0.024635037,5.83,61.32,45.08,36162646016,6.973,0.80465144,2.7921553,
JCI,JCI,Engineering & Construction,39.25,15.154441,0.026598465,2.32,40.33,28.3,35255369728,10.512,1.1118761,1.7593008,
STZ,STZ,Beverages - Wineries & Distilleries,205.41,20.938837,0.014721974,9.280000000000001,234.26,150.37,39040634880,17.751,4.81033,3.1116598,
ETN,ETN,Diversified Industrials,79.17,12.6672,0.034267515,5.539999999999999,89.46,64.46,33496825856,10.778,1.5462689,2.063492,
SRE,SRE,Utilities - Diversified,129.36,18.29703,0.02820136,6.0600000000000005,130.61,100.49,35494830080,16.179,2.9458735,2.349181,
PSA,PSA,REIT - Industrial,227.79,29.583117,0.034980323,7.75,234.9,193.89,39807213568,24.469,14.085734,7.8664913,
HUM,HUM,Health Care Plans,235.4,12.494692,0.008698235,15.67,355.88,225.65,31787239424,7.574,0.5411515,2.9321277,
HCA,HCA,Medical Care,122.24,10.779541,0.011868708,10.41,147.42,100.64,41843609600,8.613,0.8759207,,
SYY,SYY,Food Distribution,73.63,19.325459,0.020444322,3.39,75.98,59.44,37843980288,13.594,0.63120675,16.016966,
FISV,FISV,Business Services,84.46,21.65641,,3.1799999999999997,91.19,68.45,33145481216,20.305,5.632197,13.841363,
WMB,WMB,Oil & Gas Midstream,27.59,25.546295,0.03714494,0.7000000000000001,32.22,20.36,33431908352,15.584,3.864067,2.3249347,
DG,DG,Discount Stores,117.32,16.500704,0.009808895,5.9799999999999995,126.84,86.87,30406762496,13.303,1.1866034,4.7442274,
ALL,ALL,Insurance - Property & Casualty,94.74,9.540785,0.019982994,7.37,102.73,77,31558557696,8.965,0.76906437,1.4681771,
TEL,TEL,Electronic Components,88.97,14.537582,0.019968232,5.49,99.52,69.84,29970966528,11.171,2.164125,3.0028014,
EBAY,EBAY,Specialty Retail,36.8,12.026144,0.0039029832,2.47,40.86,26.01,32072192000,12.017,2.9671748,6.196329,
RHT,RHT,Software - Application,184.95,40.47046,,3.6899999999999995,185.155,115.31,32875972608,47.271,9.778494,20.259613,
MCO,MCO,Capital Markets,186.74,21.14836,0.0099177165,7.43,197.73,129.26,35405905920,19.585,7.941927,287.29233,
LRCX,LRCX,Semiconductor Equipment & Materials,192.44,12.985156,0.023366967,16.24,209.5,122.64,28851953664,9.039,2.7693427,5.451404,
YUM,YUM,Restaurants,100.68,23.689411,0.0155363,3.0799999999999996,104.47,77.09,30805563392,21.94,5.529629,,
HPQ,HPQ,Computer Systems,18.3,8.061674,0.031636562,2.06,27.08,18.12,28063049728,6.317,0.478361,,
GIS,GIS,Packaged Foods,51.97,15.748486,0.037845142,3.18,52.295,36.42,31119167488,12.747,1.8753604,4.4886856,
VFC,VFC,Apparel Manufacturing,90.35,21.20892,0.021859743,3.8400000000000003,97,67.18,35742908416,19.872,2.6463218,8.308045,
ORLY,ORLY,Specialty Retail,353.81,17.887259,,16.55,414.63,264.5,27695081472,16.124,2.8656936,74.36108,
XLNX,XLNX,Semiconductors,113.18,25.840181,0.013015185,3.46,141.6,64.15,28653101056,24.576,9.366697,10.0417,
PEG,PEG,Utilities - Diversified,59.14,16.801136,0.030348508,3.23,60.36,49.23,29891131392,12.237,3.03217,2.0120437,
IR,IR,Diversified Industrials,121.24,17.172804,0.016940707,5.81,125.26,85.15,29237995520,14.348,1.8435519,4.243315,
ALXN,ALXN,Biotechnology,127.93,11.922647,,8.620000000000001,141.86,92.56,28686639104,14.245,6.6087584,2.954913,
APH,APH,Electronic Components,92.3,21.615927,0.009982639,3.8300000000000005,105.51,74.95,27572965376,15.329,3.3246074,6.6710033,
WELL,WELL,REIT - Healthcare Facilities,78.08,43.37778,0.04479341,1.56,79.41,53.53,31617794048,21.295,6.5751376,2.0906632,
TWTR,TWTR,Internet Content & Information,36.93,33.572727,,1.06,47.79,26.19,28315375616,32.859,8.948164,3.990707,
STI,STI,Banks - Regional - US,62.02,10.458685,0.030744337,5.79,75.08,46.05,27526088704,,3.0683413,1.2124411,
XEL,XEL,Utilities - Regulated Electric,57.31,20.54122,0.026739355,2.51,57.83,41.99,29495910400,13.283,2.5152137,2.3924024,
EA,EA,Electronic Gaming & Multimedia,94.57,18.434698,,4.27,151.26,73.91,28332793856,19.486,5.7237964,5.3042793,
EQR,EQR,REIT - Residential,75.81,52.64583,0.028850213,1.48,77.69,59.29,29134919680,22.899,11.171742,2.8058033,
PPG,PPG,Specialty Chemicals,111.59,16.056114,0.016988764,5.88,121.29,94.37,26341935104,14.215,1.7310859,5.3716183,
AVB,AVB,REIT - Residential,199.75,39.63294,0.029555421,7.25,204.53,156.93,27781230592,23.825,12.12232,2.588005,
OKE,OKE,Oil & Gas Midstream,66.97,18.19837,0.05121071,2.94,71.99,50.26,27642269696,16.522,2.252636,4.2910233,
ED,ED,Utilities - Regulated Electric,84.9,18.618422,0.03376319,4.34,86.5,71.12,28263380992,12.477,2.2634244,1.5983884,
HLT,HLT,Lodging,91.75,21.436914,0.0067136623,3.0599999999999996,93.72,63.76,26705031168,20.501,7.2117286,267.4927,
DFS,DFS,Credit Services,77.64,8.121339,0.020229703,8.14,82.51,54.36,25134319616,,3.220697,2.3618884,
LUV,LUV,Airlines,51.65,9.951831,0.012539185,4.21,64.02,44.28,28049309696,7.099,1.2651922,2.864829,
PAYX,PAYX,Business Services,84.19,27.158066,0.027007475,2.8200000000000003,85.17,61.32,30257297408,19.836,8.310162,11.646148,
REGN,REGN,Biotechnology,304.62,12.740276,,22.61,442,291.1,33254146048,12.17,4.811701,3.53285,
LYB,LYB,Specialty Chemicals,80.52,6.882051,0.05006258,10.35,119.39,77.52,29818728448,6.668,0.7843937,2.9412622,
AZO,AZO,Specialty Retail,989.8,15.317239,,56.92,1074.67,597,24633745408,11.639,2.1778145,,
DLTR,DLTR,Discount Stores,98.75,16.083063,,5.449999999999999,111.61,78.78,23554048000,11.359,1.0320177,4.166315,
PXD,PXD,Oil & Gas E&P,150.35,14.346375,0.0032604265,6.489999999999999,213.4,119.08,25322549248,7.699,2.7260792,2.0740507,
TROW,TROW,Asset Management,103.2,13.12977,0.028280431,7.3500000000000005,127.43,84.59,24404219904,9.905,4.54294,3.8661819,
STT,STT,Asset Management,62.78,8.611797,0.028964862,6.84,102.42,57.87,23650543616,,1.9976809,1.1078563,
ZBH,ZBH,Medical Devices,118.75,14.324488,0.008090341,7.6000000000000005,134.55,96.99,24319762432,13.572,3.08204,2.1084871,
FTV,FTV,Scientific & Technical Instruments,80.51,20.077307,0.003478261,3.1,89.48,62.89,26978822144,20.879,4.1167674,3.9369192,
GLW,GLW,Electronic Components,30.06,13.47982,0.025,1.88,36.56,26.23,23589703680,10.436,2.0332446,2.0789819,
A,A,Diagnostics & Research,76.02,22.293253,0.008274648,2.8899999999999997,82.27,60.42,24137566208,20.168,4.840098,4.800454,
AMD,AMD,Semiconductors,27.32,27.595959,,0.41000000000000003,34.14,12.16,29549312000,51.864,4.8441496,16.53753,
DLR,DLR,REIT - Office,116.89,76.3987,0.035215493,1.26,125.1,100.05,25453498368,21.362,8.076858,2.8183923,
NEM,NEM,Gold,30.83,20.831081,0.018117115,1.32,40.03,29.06,25362823168,9.68,3.5036364,1.568079,
WEC,WEC,Utilities - Regulated Electric,79.53,21.321716,0.02814926,3.45,80.05,58.48,25086785536,15.687,3.2285063,2.512558,
ADM,ADM,Farm Products,40.85,10.981182,0.03358949,3.28,52.07,39.16,22882738176,11.847,0.3568792,1.2106931,
PCAR,PCAR,Truck Manufacturing,68.71,12.0122385,0.017149616,6.6,73,53.43,23804098560,8.899,0.9784128,2.6147346,
HAL,HAL,Oil & Gas Equipment & Services,25.43,12.109525,0.029208926,1.72,54.91,24.33,22225260544,7.745,0.92636126,2.30867,
CMI,CMI,Diversified Industrials,160.76,10.928619,0.02832148,15.02,169.45,124.4,25316483072,8.375,1.0459195,3.2316165,
MCHP,MCHP,Semiconductors,84.66,11.677242,0.017426146,6.5600000000000005,104.2,60.7,20061796352,14.795,3.750219,3.7979455,
ALGN,ALGN,Medical Devices,320.09,44.76783,,4.63,398.88,177.93,25608767488,45.018,12.320561,20.393093,
MCK,MCK,Medical Distribution,125.61,8.199086,0.0119414795,13.59,151.86,106.11,24095137792,7.517,0.11242651,2.964108,
MTB,MTB,Banks - Regional - US,162.69,10.675198,0.02350467,13.899999999999999,186.33,133.78,22227034112,,3.7457626,1.5484406,
TDG,TDG,Aerospace & Defense,467.45,22.625847,,16.509999999999998,489.95,307.36,24858945536,20.034,5.8916726,,
SBAC,SBAC,Telecom Services,209.47,102.68137,,0.37,212.93,146.13,23722686464,28.669,12.481118,,
MSI,MSI,Communication Equipment,144.63,16.955452,0.015220276,7.31,148.5,105.89,23835025408,15.246,3.1645014,,
WLTW,WLTW,Insurance Brokers,175.38,14.8125,0.010650547,10,187.91,134.5,22665410560,14.691,2.6562066,2.2454388,
PH,PH,Diversified Industrials,166.9,13.525121,0.018332027,11.74,193.19,140.82,21410764800,10.379,1.4810646,3.5625854,
VRSK,VRSK,Business Services,139.32,28.432653,0.0018053149,4.21,143.67,102.74,22801948672,23.979,9.349276,10.504412,
MNST,MNST,Beverages - Soft Drinks,62.35,26.991343,,1.91,66.38,47.61,33891962880,23.79,8.685229,9.16238,
SWK,SWK,Tools & Accessories,135.49,14.262106,0.01922652,8.18,155.22,106.41,20531070976,11.428,1.4554127,2.8584993,
ES,ES,Utilities - Regulated Electric,72.59,19.77929,0.02808604,3.37,73.27,52.76,23044491264,14.514,2.687081,1.9794931,
GPN,GPN,Business Services,146.79,20.821276,0.0002785515,5.4,147.86,94.81,23072745472,20.372,6.67918,5.837973,
DTE,DTE,Utilities - Regulated Electric,126.13,19.197868,0.028702613,6.45,127.72,94.25,23108528128,15.164,1.6537986,2.1914308,
FLT,FLT,Business Services,264.63,19.616755,,10.7,268.35,172.18,22809360384,18.83,9.235243,6.459432,
SYF,SYF,Credit Services,34.77,7.413646,0.022947924,3.92,36.32,21.775,23967516672,,2.850222,1.6283426,
FITB,FITB,Banks - Regional - US,27.38,8.832258,0.029542098,2.59,34.67,22.12,20107487232,,2.8919153,1.1053247,
CERN,CERN,Health Information Services,67.83,21.465189,,2.4899999999999998,69.34,48.78,22073307136,18.129,4.040258,4.298207,
TSN,TSN,Farm Products,81.57,12.359091,0.0075405305,5.86,82.04,49.77,29757878272,10.054,0.7314034,2.2169375,
PPL,PPL,Utilities - Regulated Electric,31.09,12.240158,0.052408293,2.3600000000000003,32.89,25.3,22438959104,10.539,2.8998396,1.8425889,
VTR,VTR,REIT - Healthcare Facilities,63.49,47.736843,0.049905393,1.27,65.7,50.69,22943762432,18.496,6.177321,2.2418785,
NTRS,NTRS,Asset Management,94.91,12.808368,0.022565193,6.41,115.61,75.96,20659724288,,3.4682589,2.122364,
CCL,CCL,Leisure,53.82,10.657425,0.037893143,4.23,67.69,45.64,37174550528,8.815,1.9238497,1.5341637,
IQV,IQV,Diagnostics & Research,134.55,18.609959,,5.74,146.1,91.57,26538776576,20.646,2.5195837,4.01103,
HPE,HPE,Communication Equipment,14.24,8.137143,0.029096046,1.65,17.76,12.087,19514212352,5.881,0.6350009,1.072693,
RCL,RCL,Leisure,123.58,11.224341,0.02215112,9.09,133.6,89.48,25908299776,12.333,2.615452,2.2979658,
ROK,ROK,Diversified Industrials,161.83,16.83975,0.023500154,8.52,198.23,141.46,19154522112,14.192,2.847113,14.333924,
O,O,REIT - Retail,69.01,48.598595,0.038817517,1.3399999999999999,74.14,51.18,21757472768,22.704,15.952303,2.6260514,
CNC,CNC,Health Care Plans,54.74,11.194275,,3.87,74.49,45.44,22625136640,8.144,0.3707337,1.9605316,
KLAC,KLAC,Semiconductor Equipment & Materials,109.57,12.1474495,0.027757216,8.92,129.03,80.65,17708703744,11.521,4.0426464,6.2266293,
FE,FE,Utilities - Diversified,42.1,16.907629,0.034393404,2.59,42.53,32.92,22373705728,11.122,1.983133,3.2374654,
CXO,CXO,Oil & Gas E&P,111.92,16.26744,0.0011232926,4.32,160.81,93.31,22289428480,9.983,5.530875,1.2343949,
HRS,HRS,Communication Equipment,182.12,19.64617,0.014465201,7.629999999999999,183.12,123.24,21513107456,15.718,3.2541382,5.96157,
APTV,APTV,Auto Parts,74.73,12.77436,0.012003819,5.029999999999999,103.23,58.8,19268012032,11.329,1.3399174,5.637448,
BXP,BXP,REIT - Office,133.01,36.641872,0.027871106,3.19,140.35,107.84,22793256960,21.086,8.225157,3.6462073,
IDXX,IDXX,Diagnostics & Research,246.18,44.597824,,4.43,256.22,176.11,21173030912,37.351,9.403373,410.985,
VRSN,VRSN,Internet Content & Information,191.25,34.335728,,5.300000000000001,203.28,125.13,22793748480,27.819,18.651464,,
KR,KR,Grocery Stores,25.25,10.609243,0.021584159,2.0999999999999996,32.74,23.52,20160331776,6.773,0.16639154,2.5551507,
INFO,INFO,Business Services,56.14,19.493055,,2.36,57.69,44.52,22441852928,20.32,5.442428,2.693341,
BLL,BLL,Packaging & Containers,63.44,20.937294,0.0062102154,2.18,65.3083,34.71,21236158464,15.793,1.8251963,5.9837766,
KHC,KHC,Packaged Foods,32.27,11.05137,0.07819831,3.51,64.99,31.53,39351005184,9.929,1.4985721,0.7602422,
FAST,FAST,Industrial Distribution,64.16,20.899025,0.025086235,2.7,71.88,47.37,18369972224,16.111,3.6100247,7.6618114,
UAL,UAL,Airlines,83.45,6.879637,,9.85,97.85,66.1,21958113280,6.244,0.52456075,2.249872,
AMP,AMP,Asset Management,142.52,7.8480177,0.025828669,14.89,153.15,95.69,19083999232,5.908,1.480183,3.2729363,
AME,AME,Diversified Industrials,85.02,19.77209,0.006657948,3.52,88.76,63.14,19371040768,16.38,3.9047306,4.346626,
WY,WY,Lumber & Wood Production,24.98,25.489796,0.053301513,0.9299999999999999,38.39,20.52,18604752896,15.234,2.5647578,2.1139035,
EIX,EIX,Utilities - Regulated Electric,59.85,12.734043,0.040482126,3.9699999999999998,71,45.5,19499788288,10.18,1.5096221,1.8525397,
CDNS,CDNS,Software - Application,68.09,29.995594,,2,70.49,39.08,19135332352,34.116,8.707968,14.010287,
AWK,AWK,Utilities - Regulated Water,109.84,28.1641,0.016442316,3.3299999999999996,111.08,77.73,19828207616,16.55,5.6781807,3.3424623,
ULTA,ULTA,Specialty Retail,335.32,22.474531,,10.95,359.69,224.43,19699781632,17.45,2.9329925,10.792404,
CLX,CLX,Household & Personal Products,147.23,22.341425,0.02574762,6.039999999999999,167.7,115.74,18752389120,16.502,2.9870005,24.1084,
HIG,HIG,Insurance - Diversified,52.72,9.638026,0.02213241,4.449999999999999,53.87,40.54,19058227200,7.21,0.99396193,1.3583428,
MTD,MTD,Diagnostics & Research,722.67,28.49645,,20.72,762.9,500.74,17924599808,25.465,6.0674624,31.908775,
MKC,MKC,Packaged Foods,154.53,27.253967,0.013830272,5.09,157,99.53,20389459968,23.208,3.758426,6.124123,
IP,IP,Packaging & Containers,44.74,8.8594055,0.04415761,5.510000000000001,59.57,37.55,17776723968,7.365,0.76203376,2.3973851,
CTAS,CTAS,Business Services,220.07,26.482552,0.009468822,7.3,223.99,155.98,23012939776,17.569,3.4001954,7.2630367,
MSCI,MSCI,Capital Markets,220.44,30.616669,0.009844438,5.510000000000001,230.44,134.28,18666573824,27.9,12.837651,,
ESS,ESS,REIT - Residential,282.58,49.144344,0.026550546,6.33,294.61,226.22,19219933184,25.313,13.3281555,2.9993737,
CHD,CHD,Household & Personal Products,72.47,26.940521,0.011902418,2.34,74.99,45.55,17843490816,20.939,4.2640853,7.134981,
ETR,ETR,Utilities - Diversified,96.49,17.543636,0.03693444,6.98,97.62,75.45,18325958656,13.548,1.6820282,2.0428512,
LLL,LLL,Aerospace & Defense,235.51,18.327625,0.013868738,11.31,236.76,158.76,18711552000,15.429,1.7697487,3.090196,
SNPS,SNPS,Software - Application,117.74,24.326445,,3.8900000000000006,122.36,79.14,17622851584,31.044,5.555696,4.651181,
KEY,KEY,Banks - Regional - US,16.92,8.676923,0.03811252,1.75,21.91,13.66,17060267008,,2.7762842,1.1843762,
RSG,RSG,Waste Management,83.76,23.331478,0.017562725,3.0799999999999996,84.21,66.41,26936043520,12.757,2.6711667,3.4023886,
NTAP,NTAP,Data Storage,67.32,13.437125,0.02121855,4.35,88.08,54.5,16626357248,10.655,2.6860027,13.518072,
AEE,AEE,Utilities - Regulated Electric,73.85,21.039886,0.025,3.5300000000000002,74.91,55.21,18137337856,11.436,3.033507,2.3540099,
OMC,OMC,Advertising Agencies,78.73,12.576677,0.031313907,5.779999999999999,84.35,65.85,17333827584,9.401,1.1456974,7.182739,
CBS,CBS,Media - Diversified,47.69,7.3256526,0.015238096,5.23,59.59,41.38,17874354176,9.078,1.1980131,4.101307,
BBY,BBY,Specialty Retail,67.62,11.251248,0.027570792,5.380000000000001,84.37,47.72,18116481024,6.696,0.4225024,5.434818,
NUE,NUE,Steel,55.18,9.749117,0.02852441,8.020000000000001,68.84,49.79,16818091008,4.819,0.6570726,1.6627994,
FRC,FRC,Banks - Regional - US,100.27,16.9375,0.0073856744,4.9399999999999995,107.75,79.42,16799135744,,5.5011373,2.0706246,
DXC,DXC,Information Technology Services,57,6.1889253,0.013397642,8.46,96.75,49.19,15291447296,3.86,0.6403454,1.3956563,
CMG,CMG,Restaurants,703.18,41.905838,,10.15,721.42,383.2,19487649792,36.439,3.87829,13.137658,
CFG,CFG,Banks - Regional - US,34.91,8.391828,0.031286214,3.67,43.12,27.62,16001208320,,2.7024503,0.7891406,
HSY,HSY,Confectioners,127.06,21.247492,0.022208232,5.54,127.5,89.29,26530127872,15.708,3.3858461,18.737648,
TSS,TSS,Credit Services,98.3,17.711712,0.0053752325,4.55,102.67,75.58,17393498112,18.894,4.267744,7.3926454,
MXIM,MXIM,Semiconductors,54.1,20.492422,0.03444403,2.6,63.68,46.64,14738191360,14.804,6.1641903,8.873216,
VMC,VMC,Building Materials,129.17,22.464348,0.009003366,4.08,133.59,82.52,17062323200,17.749,3.7707574,3.2697952,
LH,LH,Diagnostics & Research,163.33,13.509512,,10.86,190.36,119.38,16088005632,11.954,1.4267095,2.266898,
FCX,FCX,Copper,10.86,11.677419,0.018674137,1.09,18.38,9.6,15753841664,6.733,0.89755255,1.6107979,
KEYS,KEYS,Scientific & Technical Instruments,83.79,18.957014,,3.66,93.77,52.553,15751598080,20.128,3.8921666,5.9186273,
ANET,ANET,Computer Systems,248.88,23.369015,,8.6,331.27,187.08,19069806592,23.826,8.384898,7.9268723,
CBRE,CBRE,Real Estate Services,47.71,12.233333,,3.5300000000000002,52.41,37.45,15701122048,12.828,0.7201806,3.0850306,
SWKS,SWKS,Semiconductors,78.11,10.498656,0.019052591,6.88,104.2,60.12,13489128448,8.683,3.6604512,3.305544,
ARE,ARE,REIT - Office,143.85,60.441177,0.026631158,3.3100000000000005,144.46,109.04,16245843968,26.43,11.826289,2.129849,
RF,RF,Banks - Regional - US,14.54,8.654762,0.03556485,1.56,19.99,12.39,14732218368,,2.7171187,1.002482,
ANSS,ANSS,Software - Application,186.03,27.848803,,6.08,197.05,136.8,15613200384,28.754,11.757875,5.812893,
HES,HES,Oil & Gas E&P,64.18,35.263737,0.01589825,-0.07,74.81,35.59,19474522112,9.404,3.0533903,2.0904176,
WAT,WAT,Diagnostics & Research,211.16,20.722279,,8.34,255.21,167.94,14670383104,18.252,6.104721,15.303667,
CNP,CNP,Utilities - Regulated Gas,29.78,16.45304,0.03713528,1.5099999999999998,31.42,25.1,14954742784,13.594,1.3638616,2.3092432,
FANG,FANG,Oil & Gas E&P,109.11,8.87795,0.0052425372,5.859999999999999,140.78,85.19,17967362048,12.82,7.0514607,1.3040829,
CMS,CMS,Utilities - Regulated Electric,55.26,20.619402,0.026658116,2.2199999999999998,56.3,42.52,15679140864,13.537,2.246617,3.2270496,
AJG,AJG,Insurance Brokers,82.48,19.136892,0.020256255,3.5599999999999996,84.14,64.54,15279585280,17.92,2.244786,3.130884,
RMD,RMD,Medical Instruments & Supplies,112.06,28.733332,0.013351376,3.65,118.5,90.64,16068618240,22.755,6.3632092,7.9469543,
LEN,LEN,Residential Construction,52.75,8.880471,0.003108607,5.470000000000001,55.77,37.29,16651645952,10.1,0.7759778,1.1528795,
EXPE,EXPE,Leisure,119.56,14.669939,0.010790443,6,139.77,108.11,17785745408,14.863,1.5706239,4.3553967,
DHI,DHI,Residential Construction,43.98,10.110345,0.012722647,4.09,47.02,32.39,16412323840,9.282,0.9894035,1.7531691,
GPC,GPC,Specialty Retail,96.76,15.758959,0.030114397,5.7,115.2,89.87,14133152768,13.051,0.74835557,3.9800913,
EFX,EFX,Business Services,118.69,19.020834,0.013398608,5.78,138.69,88.68,14340600832,25.174,4.2271485,5.597001,
SYMC,SYMC,Software - Application,19.47,9.984614,0.015673982,1.5899999999999999,24.77,17.43,12445554688,11.813,2.6306396,2.161412,
PFG,PFG,Insurance - Life,55.28,8.988618,0.039269913,5.56,61.12,40.42,15398132736,8.171,1.0199127,1.2114836,
HBAN,HBAN,Banks - Regional - US,13.26,9.404256,0.040581927,1.24,16.52,11.12,13875794944,,3.1986618,1.3565218,
EVRG,EVRG,Utilities - Regulated Electric,58.02,18.419046,0.030998457,2.3400000000000003,61.1,50.89,14162566144,12.842,2.8946912,1.5075612,
HST,HST,REIT - Hotel & Motel,18.99,22.341175,0.042485397,1.3599999999999999,22.47,15.94,14216996864,11.7,2.5419269,1.872781,
HCP,HCP,REIT - Healthcare Facilities,30.88,55.142857,0.047819063,2.26,32.23,22.49,14964355072,21.192,8.296725,2.528453,
CAH,CAH,Medical Distribution,46.1,8.747628,0.04135012,5.18,58.31,42.17,13740565504,7.281,0.095733054,2.2051084,
CAG,CAG,Packaged Foods,28.6,13.179723,0.030238349,2.1500000000000004,39.43,20.22,13897169920,13.707,1.5629901,1.8849272,
DRI,DRI,Restaurants,121.03,18.706337,0.023964055,5.45,124,84.37,14883784704,13.368,1.7686367,6.427168,
INCY,INCY,Biotechnology,76.11,26.611889,,1.6600000000000001,88.83,57,16320953344,44.987,8.170861,7.821396,
K,K,Packaged Foods,57.17,14.116048,0.0384216,4.12,74.98,53.14,19466213376,13.062,1.4242182,7.6738253,
CINF,CINF,Insurance - Property & Casualty,95.74,26.016304,0.02257929,3.6799999999999997,96.49,66.33,15627639808,12.305,2.46415,1.8105143,
COO,COO,Medical Instruments & Supplies,287.8,21.80303,0.0002092123,11.61,302.36,221.5,14209865728,20.973,5.527195,4.1422586,
WDC,WDC,Data Storage,44.63,11.356235,0.046522446,8.27,88.62,33.83,13076501504,5.944,0.72437966,1.2802639,
XYL,XYL,Diversified Industrials,75.51,20.243969,0.011328124,2.9,84.41,60.65,13586740224,17.492,2.5993383,4.8584485,
DOV,DOV,Diversified Industrials,96.09,15.374399,0.020215917,5.33,99.46,65.83,13964662784,13.995,1.9726318,4.9216347,
IT,IT,Information Technology Services,151.44,32.99346,,3.59,161.85,120.89,13643290624,28.319,3.4259543,15.920942,
MYL,MYL,Drug Manufacturers - Specialty & Generic,20.41,4.485714,,4.44,42.5,19.73,10520069120,7.088,0.93554133,0.8863893,
WYNN,WYNN,Resorts & Casinos,123.32,15.415,0.02666776,5.88,197.68,90.06,13274041344,12.638,1.9950081,6.337102,
SJM,SJM,Packaged Foods,126.78,15.219687,0.026270116,8.239999999999998,127.41,91.32,14420844544,12.34,1.8686628,1.7985785,
IFF,IFF,Specialty Chemicals,136.01,19.374643,0.021415826,6.29,150.57,121.85,14511042560,19.754,3.3404696,2.3611617,
TFX,TFX,Medical Instruments & Supplies,297.51,23.31583,0.0046301023,10,309.99,226.02,13731306496,23.158,5.5485926,5.3410053,
L,L,Insurance - Property & Casualty,50.97,14.562858,0.0049830577,2.52,52.35,42.06,15540142080,10.478,1.0911489,0.81796736,
MLM,MLM,Building Materials,215.68,20.063255,0.008847475,7.949999999999999,232.89,150.75,13500295168,15.776,3.288463,2.7149706,
AAL,AAL,Airlines,32.34,5.6836557,0.012445551,4.32,45.82,28.81,14385964032,7.598,0.32166097,,
KMX,KMX,Auto & Truck Dealerships,77.18,13.856373,,4.79,81.67,55.24,12826698752,19.907,0.6699414,3.8505287,
CE,CE,Chemicals,100.44,8.504657,0.021785175,10.86,119.29,82.91,12716909568,10.882,1.8190401,4.173523,
EXR,EXR,REIT - Industrial,106.63,33.321873,0.031964317,3.3100000000000005,108.2,83.7,14220389376,22.842,11.503773,5.6975684,
DVN,DVN,Oil & Gas E&P,30.76,11.267399,0.010695186,1.4500000000000002,46.54,20.37,12773182464,6.008,1.31007,1.6266526,
LNC,LNC,Insurance - Life,64.14,6.1791906,0.022551546,8.65,71.27,48.07,12978280448,6.811,0.77343744,0.79305613,
EXPD,EXPD,Integrated Shipping & Logistics,72.83,19.369682,0.012475741,3.5300000000000002,80.69,62.9,12526469120,13.692,1.5084581,5.884777,
BR,BR,Business Services,118.71,22.785028,0.015515772,4.800000000000001,138.24,91.34,13786860544,15.899,3.0833433,10.861927,
CPRT,CPRT,Auto & Truck Dealerships,65.8,26.857143,,1.93,67.54,44.61,15015955456,21.377,8.014121,10.217392,
FTNT,FTNT,Software - Application,81.2,33.97489,,1.9499999999999997,96.96,57.76,13865792512,40.318,7.3958783,13.0988865,
SIVB,SIVB,Banks - Regional - US,236.34,10.698958,,19.92,333.74,177.7,12365804544,,4.466763,2.3144946,
FOXA,FOXA,Broadcasting - TV,37.89,14.743191,0.009481169,0.76,51.27,35.9,23386050560,10.627,2.075071,2.7337663,
DGX,DGX,Diagnostics & Research,96.75,14.227941,0.021219611,6.1899999999999995,116.49,78.95,13000781824,11.888,1.7246991,2.450732,
MRO,MRO,Oil & Gas E&P,15.46,17.568182,0.013351136,0.8500000000000001,24.2,12.57,12644981760,4.854,2.283312,1.0384202,
AKAM,AKAM,Software - Application,75.72,16.28387,,3.94,86.19,57.18,12425424896,16.745,4.5146294,3.7709165,
MGM,MGM,Resorts & Casinos,25.93,15.252941,0.019321766,0.45999999999999996,32.88,21.62,13929622528,12.635,1.1922165,2.0523984,
WCG,WCG,Health Care Plans,276,16.737417,,12.339999999999998,324.99,215.09,13883738112,11.931,0.61623067,3.161657,
VAR,VAR,Medical Instruments & Supplies,130.17,24.330841,,4.3100000000000005,142.5,101.42,11838401536,21.167,3.9056454,6.8413305,
CMA,CMA,Banks - Regional - US,74.61,8.716121,0.03010079,7.720000000000001,101.05,63.69,11501952000,,3.3779595,1.5651025,
CTXS,CTXS,Software - Infrastructure,95.82,14.651376,0.0073413737,5.619999999999999,116.82,95,12657917952,16.095,4.225145,22.776327,
GWW,GWW,Industrial Distribution,262.06,13.390904,0.020923883,17.03,372.06,258.71,14529549312,10.42,1.2910565,7.371589,
MAA,MAA,REIT - Residential,111.48,50.67273,0.033561397,2.06,112.04,87.47,13165899776,19.318,8.298671,2.081132,
STX,STX,Data Storage,44.64,9.166325,0.05722071,5.5600000000000005,60.01,35.38,12358272000,7.238,1.1385915,7.3168335,
KSU,KSU,Railroads,119.01,15.35613,0.012269939,6.21,125.92,90.55,11970859008,11.449,4.352723,2.4821675,
HOLX,HOLX,Medical Instruments & Supplies,44.91,17.076044,,2.32,48.82,37.47,12038125568,14.584,3.66279,5.5733433,
ETFC,ETFC,Capital Markets,48.5,10.475162,0.0058934963,4.1,66.46,40.41,11770174464,,3.9273188,1.9317322,
TSCO,TSCO,Specialty Retail,100.66,19.10057,0.012489928,4.38,107.98,70.15,12143823872,16.994,1.5084811,8.176428,
NCLH,NCLH,Leisure,56.3,9.446308,,5.16,59.71,39.36,12126288896,10.448,1.9668442,2.0534704,
NBL,NBL,Oil & Gas E&P,24.07,25.336842,0.018731374,0.4700000000000001,37.76,17.11,11511020544,7.186,2.407156,1.256919,
TXT,TXT,Aerospace & Defense,50.09,12.246943,0.0016293279,3.3899999999999997,72.87,43.27,11659048960,9.848,0.8457779,2.22741,
ABC,ABC,Medical Distribution,76.69,10.4057,0.020613108,6.699999999999999,94.88,69.36,16118473728,7.98,0.0920259,5.5176635,
AAP,AAP,Specialty Retail,155.75,16.481482,0.0015446998,7.13,186.15,113.61,11170016256,12.014,1.165905,3.1603189,
UDR,UDR,REIT - Residential,44.36,96.434784,0.0295178,0.52,45.92,34.48,13448754176,26.452,12.6767645,4.3063784,
BHGE,BHGE,Oil & Gas Equipment & Services,22.28,14.467533,0.033118676,0.7000000000000001,37.41,20.09,23106588672,11.89,1.0005884,0.65514,
MAS,MAS,Building Materials,37.35,12.408637,0.012570965,2.48,41,27.03,10964054016,10.192,1.3135324,,
HAS,HAS,Leisure,96.77,19.162374,0.0267792,3.95,109.6,76.84,12178890752,15.404,2.6499958,7.361734,
ABMD,ABMD,Medical Devices,256.69,43.878635,,5.1,459.75,228,11582622720,47.011,15.053472,12.362857,
ATO,ATO,Utilities - Regulated Gas,101.44,22.100218,0.019707317,4.25,104.07,84.35,11867262976,13.724,3.9831424,2.1544018,
VNO,VNO,REIT - Office,66.34,41.204967,0.03858375,1.1800000000000002,77.59,59.48,13503572992,24.453,6.16584,3.5620701,
RJF,RJF,Capital Markets,84.69,10.6127825,0.015347721,6.83,102.17,69.11,11924774912,,1.5979071,1.8683405,
TIF,TIF,Luxury Goods,98.34,18.110497,0.022010649,4.75,141.64,73.04,11940343808,12.832,2.6879952,3.8327224,
KSS,KSS,Department Stores,65.5,10.463259,0.0378882,5.62,83.28,58.66,10687373312,5.635,0.5283194,1.9316975,
CHRW,CHRW,Integrated Shipping & Logistics,81.39,15.591954,0.023985008,4.88,101.2,77.72,11114863616,11.77,0.67538595,6.742048,
NRG,NRG,Utilities - Independent Power Producers,36.24,8.35023,0.0032599836,1.31,43.66,29.9,9681408000,11.375,1.0107963,,
XRAY,XRAY,Medical Instruments & Supplies,54.87,20.70566,0.0063787135,2.05,55.88,33.93,12838372352,21.772,3.2286422,2.4041536,
AES,AES,Utilities - Diversified,16.08,11.089655,0.032650527,1.24,18.52,11.8,10672730112,9.513,1.0025109,3.2998152,
REG,REG,REIT - Retail,66.43,42.044304,0.034096077,1.69,69.01,55.38,11124235264,19.888,9.509648,1.7479738,
TTWO,TTWO,Electronic Gaming & Multimedia,103.55,21.04675,,4.77,139.91,84.41,10951965696,31.432,4.245506,5.3982906,
DRE,DRE,REIT - Industrial,30.44,53.40351,0.02776865,0.9900000000000001,31.69,24.67,11036844032,29.86,11.193395,2.3672137,
URI,URI,Rental & Leasing Services,127.09,5.9638667,,16.75,175.42,94.28,9992336384,9.195,1.1853305,2.9677975,
APA,APA,Oil & Gas E&P,31.01,18.680723,0.0331785,1.54,50.03,24.56,11657310208,4.814,1.6326766,1.6679218,
TAP,TAP,Beverages - Brewers,58.42,12.070248,0.028339382,5.08,71.04,54.17,12643899392,9.574,1.1771184,0.9263458,
LNT,LNT,Utilities - Regulated Electric,47.35,19.6473,0.028422154,2.17,47.92,38.22,11240605696,14.343,3.117714,2.4006286,
CBOE,CBOE,,100.98,20.777779,0.010810811,5.029999999999999,115.11,87.87,11279971328,,,,
COG,COG,Oil & Gas E&P,26.3,13.842105,0.010097087,1.6600000000000001,27.65,20.95,11132422144,8.865,4.820295,4.797519,
EMN,EMN,Chemicals,72.99,7.7484074,0.032542747,7.720000000000001,110.17,67.4,10114881536,8.278,1.0192344,1.7310975,
CTL,CTL,Telecom Services,11,8.396947,0.17792578,1.1800000000000002,24.2,10.28,11993410560,5.359,0.5181858,0.8856683,
HRL,HRL,Packaged Foods,39.41,20.633509,0.0195048,1.78,46.26,34.12,21110990848,16.065,2.2048578,3.6921492,
JKHY,JKHY,Business Services,135.21,34.66923,0.011357654,3.83,163.68,119.3,10438699008,21.47,6.510986,7.3197274,
UHS,UHS,Medical Care,122.54,11.377901,0.0032829943,9.52,142.22,109.37,11043488768,9.034,1.0141734,2.0147648,
PKI,PKI,Diagnostics & Research,89.04,19.356522,0.0031778459,3.68,103,71.31,9876139008,21.452,3.5490432,3.7422774,
NDAQ,NDAQ,Financial Exchanges,91.17,16.883333,0.019361936,4.81,96.84,75.49,15107323904,14.632,3.6272087,2.7497287,
BEN,BEN,Asset Management,33.42,12.241757,0.0299511,3.1399999999999997,35.82,27.34,16962654208,7.521,2.8599508,1.7167515,
FMC,FMC,Agricultural Inputs,75.13,11.314759,0.015068676,6.169999999999999,81.8,60.156113,9891465216,10.547,2.0555828,3.5825663,
NI,NI,Utilities - Regulated Gas,28.04,20.172663,0.027915196,1.37,28.85,23.23,10461808640,29.892,1.9990079,2.134592,
PNW,PNW,Utilities - Regulated Electric,94.98,18.733728,0.029747691,4.67,97.27,73.41,10664070144,10.842,2.85207,2.0308325,
VIAB,VIAB,Media - Diversified,28.47,6.4266367,0.028419184,4.21,34.44,23.31,11737753600,6.785,0.9191663,1.4395509,
WAB,WAB,Railroads,69.54,14.338145,0.0068094768,3.94,115.4,65.09,12852243456,20.74,2.6223786,1.1687199,
FTI,FTI,Oil & Gas Equipment & Services,22.61,14.310126,0.023593465,0.56,34.39,18.2,10130704384,7.426,0.82091814,0.98001826,
CF,CF,Agricultural Inputs,41.19,15.032846,0.029615005,1.24,56.51,38.9,9106202624,10.052,2.0358155,3.0879376,
FRT,FRT,REIT - Retail,128.65,40.20312,0.03142658,3.1500000000000004,139.29,113.25,9722774528,22.674,10.591824,4.3208838,
DISCK,DISCK,Media - Diversified,26.25,6.765464,,2.79,31.55,19.25,19951837184,7.343,1.8215865,2.1528747,
LW,LW,Packaged Foods,67.02,19.203438,0.011632101,3.13,83.86,63.02,9803283456,15.381,2.6702485,,
WRK,WRK,Packaging & Containers,37.19,9.092909,0.04900332,4.01,62.8,35.2,9559429120,6.882,0.55188227,0.82073575,
PVH,PVH,Apparel Manufacturing,112.37,9.796862,0.0013333334,9.59,169.22,86.46,8432896512,9.04,0.8732599,1.4539126,
NOV,NOV,Oil & Gas Equipment & Services,24.38,42.03448,0.00842815,-0.05000000000000002,49.08,23.42,9408729088,13.683,1.0942928,0.683545,
JNPR,JNPR,Communication Equipment,25.49,12.873737,0.028683694,1.8699999999999999,30.8,24.82,8776844288,9.309,1.9219646,1.8495139,
RE,RE,Insurance - Reinsurance,248.45,9.945957,0.021901364,6.090000000000001,250,201.09,10120262656,,1.3333623,1.2020766,
ZION,ZION,Banks - Regional - US,46.44,9.695198,0.024766456,4.050000000000001,59.19,38.08,8478318080,,3.0204196,1.2070489,
HSIC,HSIC,Medical Distribution,67.31,17.759893,,3.99,71.64706,53.913727,10034170880,11.041,0.7550841,3.5856595,
SNA,SNA,Tools & Accessories,162.24,12.40367,0.022069827,12.03,189.46,135.29,8988810240,9.947,2.214429,2.8110545,
QRVO,QRVO,Semiconductors,72.86,10.810089,,5.78,86.5,54.735,8946406400,10.18,2.8949726,2.0732436,
GRMN,GRMN,Scientific & Technical Instruments,77.99,19.844784,0.029503105,3.7399999999999998,89.72,58.71,14806167552,15.586,4.3513994,3.4311483,
AVY,AVY,Business Equipment,103.4,14.361112,0.02004626,6.109999999999999,117,82.89,8728593408,11.49,1.2254614,8.798503,
ARNC,ARNC,Diversified Industrials,21.86,10.768474,0.011157601,1.45,23.6,15.63,9807030272,8.406,0.6950411,1.937428,
ALLE,ALLE,Security & Protection Services,99.4,18.719398,0.0090844855,4.58,102.39,74.83,9338202112,17.567,3.3668165,14.758723,
PKG,PKG,Packaging & Containers,97.18,12.193225,0.03282435,8.46,124.7,77.9,9110993920,7.402,1.2909297,3.2601986,
FFIV,FFIV,Software - Infrastructure,141.97,12.953467,,10.61,199.71,141.05,8474927616,11.188,3.8635197,5.775364,
LKQ,LKQ,Auto Parts,27.02,10.157894,,2.21,36.1,22.74,8484117504,10.981,0.6922299,1.7676305,
TPR,TPR,Luxury Goods,30.78,10.724739,0.044672403,2.5700000000000003,54.35,29.82,8930385920,8.702,1.4891174,2.5287545,
JEC,JEC,Engineering & Construction,76.49,14.009157,0.008178341,4.99,82.24,55.17,10449221632,12.596,0.63306606,1.9092429,
TMK,TMK,Insurance - Life,87.31,12.211188,0.0075550405,6.3,91.28,69.68,9598948352,11.361,2.2053716,1.5881186,
WHR,WHR,Home Furnishings & Fixtures,129.08,7.9384995,0.03591505,15.61,167.54,99.4,8175837184,8.377,0.3914506,2.9022393,
IRM,IRM,REIT - Diversified,31.79,27.170942,0.07633758,1,37.32,30.22,9119946752,13.547,2.1523695,5.182589,
HII,HII,Aerospace & Defense,205.74,12.066863,0.015393609,18.480000000000004,262.32,173.8,8548950016,8.838,1.0199177,5.475887,
MOS,MOS,Agricultural Inputs,22.81,9.504166,0.0043649063,2.17,37.37,22.66,8799823872,6.504,0.92112917,0.83008844,
IPG,IPG,Advertising Agencies,22.39,11.251256,0.038702462,1.91,25.1,19.61,8665802752,11.047,1.048824,3.734779,
BF-B,BF-B,Beverages - Wineries & Distilleries,51.71,28.412086,0.012620784,1.6300000000000001,59.58,44.57,24471085056,24.655,7.3863826,16.520765,
NLSN,NLSN,Business Services,24.04,13.065218,0.058947366,1.1,32.07,20.53,8546076672,12.253,1.3212858,3.063201,
IVZ,IVZ,Asset Management,20.38,7.465201,0.061049446,2.3200000000000003,28.98,15.38,8169485312,7.92,1.5792854,0.9423405,
WU,WU,Credit Services,19.32,10.0625,0.04039874,1.8599999999999999,21.37,16.42,8321297408,8.201,1.5027174,,
MHK,MHK,Home Furnishings & Fixtures,134.21,11.184167,,11.46,228.49,109.35,9719649280,8.268,0.9706136,1.2838517,
BWA,BWA,Auto Parts,36.54,7.9434786,0.01857416,4.39,53.28,32.46,7573499904,5.828,0.7344641,1.77198,
PHM,PHM,Residential Construction,32.07,9.033803,0.01215611,3.5599999999999996,33.04,20.64,8887783424,7.387,0.8700776,1.8022928,
ALB,ALB,Specialty Chemicals,70.22,10.372231,0.020029176,5.43,108.74,68.45,7440300544,10.094,2.1977708,2.0259666,
JBHT,JBHT,Integrated Shipping & Logistics,95.63,14.780525,0.010476802,5.71,131.74,88.38,10398709760,10.339,1.187575,4.718508,
UNM,UNM,Insurance - Life,35.32,6.0687284,0.030075185,5.279999999999999,41.28,26.77,7483636736,10.403,0.64036596,0.82755387,
AIV,AIV,REIT - Residential,49.74,134.43243,0.031614844,5.539999999999999,51.25,38.54,7883441664,21.192,8.316411,4.2074103,
DISH,DISH,Pay TV,34.37,17.80829,,2.94,37.47,23.22,16125303808,10.857,1.2078917,1.7970302,
FBHS,FBHS,Home Furnishings & Fixtures,53,13.118812,0.01565782,3.42,58.75,35.27,7413692416,11.442,1.3337817,3.3015637,
ALK,ALK,Airlines,61.38,9.106826,0.02178613,4.49,74.83,53.39,7576010752,8.086,0.9118935,2.0236723,
KIM,KIM,REIT - Retail,18.21,26.014284,0.06191266,0.9600000000000001,18.64,13.86,7702246912,17.613,6.664608,1.4446648,
AOS,AOS,Diversified Industrials,48.3,16.37288,0.016632017,2.54,65.57,40.34,8075566592,13.153,2.5652192,4.6167083,
SLG,SLG,REIT - Office,85.34,58.45205,0.03937241,3.17,106.54,76.77,7560091648,21.41,6.1786003,1.2744921,
RHI,RHI,Staffing & Outsourcing Services,56.08,13.226417,0.020664869,3.72,79.91,52.79,6533712896,10.129,1.1124115,6.0541945,
HFC,HFC,Oil & Gas Refining & Marketing,43.63,7.4200683,0.030935086,6.22,83.28,42.19,7397117440,4.874,0.4230917,1.2198396,
RL,RL,Apparel Manufacturing,113.95,15.032981,0.020079473,7.02,147.79,95.63,8958977024,8.779,1.4138683,2.6704946,
ADS,ADS,Credit Services,144.86,6.1590137,0.01644182,22.029999999999998,250.27,142.07,7588273664,15.463,0.9799287,3.3829987,
CPB,CPB,Packaged Foods,38.67,15.284584,0.036157023,2.51,43.98,32.03,11644232704,10.469,1.1941578,9.1722,
DVA,DVA,Medical Care,51.24,10.007813,,3.4200000000000004,79.11,48.25,8526182400,11.202,0.7545415,2.2000859,
M,M,Department Stores,21.8,7.4914083,0.069972195,4.18,41.99,21.08,6720155136,4.86,0.26108843,1.0416168,
FLIR,FLIR,Scientific & Technical Instruments,49.88,19.03817,0.013141933,2.2700000000000005,63.88,40.52,6754799104,17.612,3.7931178,3.5491676,
SEE,SEE,Packaging & Containers,42.05,13.786885,0.015019948,2.59,47.13,30.22,6547353088,12.117,1.3887988,,
CPRI,CPRI,Apparel Manufacturing,40.74,8.21371,,4.98,75.96,35.68,6139884544,7.708,1.2101156,2.6692002,
XEC,XEC,Oil & Gas E&P,67.5,7.9132476,0.010927304,6.760000000000001,103.91,55.62,6726185984,5.996,2.8636205,1.7877953,
XRX,XRX,Information Technology Services,31.44,7.612591,0.03207184,3.7,35.18,18.58,7062273024,8.687,0.7355768,1.4160249,
FL,FL,Footwear & Accessories,56.68,9.996472,0.024625268,4.710000000000001,68,43.13,6365787648,6.297,0.8018375,2.5381758,
PBCT,PBCT,Banks - Regional - US,16.57,11.272108,0.042579073,1.29,19.37,13.66,6498256384,,4.0316763,0.9670829,
PNR,PNR,Diversified Industrials,36.77,14.363282,0.023926048,2.2800000000000002,46.93,35.3,6320468992,14.464,2.1635067,3.379285,
HBI,HBI,Apparel Manufacturing,16.48,9.206704,0.037220843,1.75,22.57,11.57,5957042176,9.585,0.8607851,5.7381616,
FLS,FLS,Diversified Industrials,49.15,19.350395,0.0158037,1.89,56.86,35.88,6445432832,15.656,1.6949341,3.8118505,
PRGO,PRGO,Drug Manufacturers - Specialty & Generic,49.7,10.923077,0.0152702425,4.3500000000000005,80.66,36.28,6758753280,11.462,1.4413446,1.1857047,
HOG,HOG,Recreational Vehicles,34.74,9.288771,0.04367647,3.3200000000000003,46.79,31.36,5460399104,13.203,0.9822391,3.03751,
HP,HP,Oil & Gas Drilling,58.82,26.142221,0.049929675,1.1600000000000001,73.87,44.56,6500198400,8.61,2.309898,1.4902079,
IPGP,IPGP,Semiconductor Equipment & Materials,145.86,20.343096,,6.469999999999999,261.77,104.64,7751554560,13.465,5.4779096,3.415765,
FOX,FOX,Broadcasting - TV,37.48,15.948936,0.0096,1.7600000000000002,50.96,35.21,23424813056,10.515,2.0785105,2.7041848,
PWR,PWR,Engineering & Construction,35.72,9.680217,0.0022598868,3.3899999999999997,41,27.9,5076454912,7.821,0.43909767,1.3632548,
LB,LB,Apparel Stores,22.51,8.827452,0.106999554,2.83,38.14,22.03,6195044352,5.408,0.46800968,,
AMG,AMG,Asset Management,91.34,6.0450034,0.013430208,13.85,169.88,88.47,4676544000,8.891,2.025267,1.4949996,
NWL,NWL,Household & Personal Products,15.28,10.1866665,0.06052632,2.48,28,13.57,6464967680,14.672,0.7577762,1.3064295,
GPS,GPS,Apparel Stores,22.84,8.992126,0.042656112,2.59,34.21,21.75,8656679936,4.663,0.5221158,2.4300456,
NKTR,NKTR,Biotechnology,33.75,-12.931035,,3.519999999999999,92.17,29.22,5882861568,7.544,4.9706187,3.5996158,
ROL,ROL,Business Services,36.13,43.53012,0.010784313,0.7100000000000001,43.91,33.066666,11833658368,31.738,6.42473,16.45264,
HRB,HRB,Personal Services,27.14,13.435643,0.036437247,3.3,29.81,22.45,5517371904,8.048,1.7486117,,
JEF,JEF,Asset Management,18.91,13.223777,0.026006358,3.07,25.07,16.2,5507291648,36.346,1.0543722,0.567919,
TRIP,TRIP,Leisure,47,21.266968,,1.7599999999999998,69,43.4,6534362624,24.132,4.051062,4.3349934,
LEG,LEG,Home Furnishings & Fixtures,37.59,13.769231,0.04101457,2.4000000000000004,46.71,33.48,4934401536,12.748,1.1225264,4.1280475,
AIZ,AIZ,Insurance - Diversified,95.77,10.145127,0.02450618,6.17,111.43,82.31,5887431680,11.039,0.66490096,1.0862956,
COTY,COTY,Household & Personal Products,12.12,17.070423,0.042625748,0.62,14.87,5.91,9106944000,12.704,1.0310721,1.2146723,
NWSA,NWSA,Broadcasting - TV,11.52,26.18182,0.017452007,0.47,16.35,10.65,6768288256,7.116,0.6570516,0.7255779,
JWN,JWN,Department Stores,38.05,9.560301,0.039361704,3.61,67.75,37.045,5895961088,4.962,0.37175038,6.869471,
DISCA,DISCA,Media - Diversified,27.74,7.00505,,2.79,34.89,20.6,19832324096,7.58,1.8106751,2.275076,
MAC,MAC,REIT - Retail,42.07,113.7027,0.07165184,0.7000000000000001,60.95,39.71,6380083712,18.085,6.2689414,2.0827763,
UAA,UAA,Apparel Manufacturing,21.63,43.26,,0.31,24.96,16.52,9087065088,28.5,1.7433095,4.758029,
FLR,FLR,Engineering & Construction,29.91,10.797834,0.028445646,1.58,60.6,28,4185216768,6.16,0.22579373,1.419419,
MAT,MAT,Leisure,11.32,125.77777,0,-0.78,17.98,9.09,3910210816,26.172,0.8705364,7.5416384,
UA,UA,Apparel Manufacturing,19.13,36.78846,,0.31,23.28,15.05,9106682880,25.462,1.747073,4.208095,
NWS,NWS,Broadcasting - TV,11.65,,0.017271157,,16.68,10.85,6770700288,7.183,0.65728575,0.7337658,
